NOM / Fournisseur,DATE,Commentaire,CHARGES € HT,n°,Signataire,Type doc,Réf Gestion,N° Facture,Valideur,
Maitre ANSEL,24/02/2023,honoraire février - référé,"875,00 €",,LDE,facture,F17,,,
OGEBA,01/03/2023,Mise en forme des 3 options base vie,"1 800,00 €",,LDE,Devis étude,,,,
BTP Consultant,21/03/2023,PV conformité installation chantier,"600,00 €",,LDE,facture,S1E,,,
MORNING,22/03/2023,loyer bureau Morning mars Louis,"106,45 €",2024-03-031,LDE,prélèvement,S1E,,,
MORNING,22/03/2023,loyer bureau Morning avril Louis,"300,00 €",2024-03-032,LDE,prélèvement,S1E,,,
DANIELE VEGRO,29/03/2023,Présentation Témoins client 29/03,"1 500,00 €",23.08,LDE,facture,F14,,,
VERBAVOX,30/03/2023,Traduction présentation phasage client,"160,00 €",,LDE,Devis étude,,,,
AIDF,03/04/2023,1600Autorisation+600Procedure+400dossier police,"2 600,00 €",2023/03/0307,LDE,facture,F3,,,
KREIS DESIGN,06/04/2023,Présentation Témoins client 29/03,"1 485,00 €",2023-03-08,LDE,facture,F14,,,
OGEBA,06/04/2023,Phasage chantier 2D Coupes présentation client 29/03,"1 600,00 €",FC10898,LDE,facture,S2,,,
ALTRAD,24/04/2023,Echafaudage Ascenseur + escalier R2 cour - AVRIL,"2 250,00 €",2301612,LDE,facture,S1G,,,
AIDF,24/04/2023,Installation panneaux voirie,"656,70 €",FAC 2023 04 0034,LDE,facture,F3,,,
MORNING,27/04/2023,loyer bureau Morning avril Mic + Mai Lou+Mic,"909,68 €",2024-03-029,LDE,prélèvement,S1E,,,
MORNING,22/05/2023,loyer bureau JUIN Lo+MI+CE / Mai Celia,"777,10 €",2023-05-039,LDE,prélèvement,S1E,,,
BC2E EDI,26/05/2023,Contrôle visuel retrait amiante SS + ascenseur,"350,00 €",751100996,LDE,facture,S3A,,,
ECR STUDIO,08/06/2023,Renders présentation client avril 23,"2 400,00 €",,LDE,facture,F14,,,
ALTRAD,14/06/2023,Echafaudage Ascenseur + escalier R2 cour - Mai,"8 590,00 €",2302136,LDE,facture,S1G,,,
SOIB,20/06/2023,achat divers chantier,"1 392,79 €",DV065595,MLP,virement,S1E,,,
ECODROP,18/07/2023,retrait déchet 20/06/23,"216,75 €",2306-81796,LDE,facture,S1A,,,
VEGEA,19/06/2023,gilets chantier,"344,50 €",,LDE,facture,S1E,,,
MGA,04/10/2023,Travaux base vie,"3 005,00 €",,MLP,facture,S1E,,,
BALBO,26/06/2023,modif EU EV chantier SS,"850,00 €",,LDE,facture,S1E,,,
MORNING,26/06/2023,Réunion Juin - facture juillet,"90,00 €",,LDE,facture,S1E,,,
BC2E EDI,26/06/2023,relevé amiante,"80,00 €",,LDE,facture,S3A,,,
AQUATYCIA,05/07/2023,test eau base vie,"626,00 €",,MLP,virement,S1E,,,
BRUNEAU,05/07/2023,papier ,"40,90 €",,LDE,facture,S1E,,,
BRUNEAU,05/07/2023,encre imprimante,"365,35 €",,LDE,facture,S1E,,,
LOUVION HUISSIER,06/07/2023,Constat huissier base vie 30/06,"489,20 €",,LDE,facture,S1E,,,
TRYCICLE,13/07/2023,table armoire chaise base vie encadrement,"651,00 €",,LDE,virement,S1E,,,
LEP,12/07/2023,location tunnel rue juin 23,"1 162,00 €",,LDE,facture,S1G,,,
AMAZON,12/07/2023,support TV,"22,99 €",,LDE,facture,S1E,,,
POLYSIGN,08/08/2023,2 Baches ATELIERS DE FRANCE,"198,00 €",,MLP,virement,S1E,,,
M ANCEL,21/07/2023,frais avocat 22/02 au 19/07/2023,"1 875,00 €",,LDE,facture,F17,,,
BALBO,24/07/2023,modif EU EV chantier SS,"875,00 €",,LDE,devis,S1E,,,
BT sécurité,08/08/2023,serrure à code/badge,"227,08 €",,MLP,virement,S1E,,,
ECODROP,21/08/2023,retrait déchet 13/07,"235,50 €",,LDE,facture,S1A,,,
ALTRAD,21/08/2023,location base vie juillet 12,"403,00 €",,LDE,facture,S1G,,,
LEP,21/08/2023,location tunnel rue juillet 23,"36,00 €",,LDE,facture,S1G,,,
Envyrho,09/10/2023,achat rémoplat,"2 905,00 €",FA03321,LDE,facture,S1A,,,
AMAZON,28/08/2023,porte stylo,"15,82 €",,LDE,facture,S1E,,,
AMAZON,28/08/2023,achat divers bureau,"35,34 €",,LDE,facture,S1E,,,
AMAZON,28/08/2023,Poubelle base vie,"16,58 €",,LDE,facture,S1E,,,
AMAZON,28/08/2023,achat divers bureau,"31,65 €",,LDE,facture,S1E,,,
AMAZON,28/08/2023,rideaux bureaux,"39,99 €",,LDE,facture,S1E,,,
AMAZON,28/08/2023,Paters murales,"39,96 €",,LDE,facture,S1E,,,
AMAZON,28/08/2023,Poubelle base vie,"33,76 €",,LDE,facture,S1E,,,
AMAZON,28/08/2023,multiprise goulotte elec,"59,12 €",,LDE,facture,S1E,,,
AMAZON,28/08/2023,Poubelle base vie,"33,76 €",,LDE,facture,S1E,,,
AMAZON,28/08/2023,corbeille courrier,"43,46 €",,LDE,facture,S1E,,,
AMAZON,28/08/2023,tringle à rideaux,"64,86 €",,LDE,facture,S1E,,,
AMAZON,28/08/2023,plateau poubelle,"19,58 €",,LDE,facture,S1E,,,
AMAZON,28/08/2023,Achats divers bureaux,"38,20 €",,LDE,facture,S1E,,,
AMAZON,28/08/2023,coque tablette,"21,24 €",,LDE,facture,S1E,,,
AMAZON,28/08/2023,Achats divers bureaux,"78,44 €",,LDE,facture,S1E,,,
AMAZON,28/08/2023,cable hdmi,"9,57 €",,LDE,facture,S1E,,,
AMAZON,28/08/2023,machine café,"58,32 €",,LDE,facture,S1E,,,
AMAZON,28/08/2023,Laser BOSCH,"154,36 €",,LDE,facture,S1E,,,
AMAZON,28/08/2023,cendrier chantier,"31,25 €",,LDE,facture,S1E,,,
POLYSIGN,29/10/2023,bache + panneau,"367,39 €",,MLP,facture,S1E,,,
LEP,12/09/2023,Location tunnel + Parapluie Aout,"24 575,50 €",,LDE,facture,S1G,,,
AMAZON,12/09/2023,café,"24,45 €",,LDE,facture,S1E,,,
SOIB,16/10/2023,chauffage + bureau,"516,30 €",,LDE,facture,S1E,,,
Studio Jessel,26/09/2023,Film Juillet Aout 23,"1 625,00 €",,LDE,facture,F14,,,
ALTRAD,26/09/2023,location base vie aout 23,"403,00 €",,LDE,facture,S1G,,,
PROTECHOM,20/02/2024,Blouson chantier,"435,20 €",,LDE,facture,S1D,,,
AMAZON,16/10/2023,Café,"82,69 €",,LDE,facture,S1E,,,
ALTRAD,02/10/2023,location base vie sept 23,"390,00 €",,LDE,facture,S1G,,,
MGA,04/10/2023,Travaux logistique - Sept,"1 400,00 €",,LDE,facture,S1A,,,
MGA,04/10/2023,Travaux logistique - Sept,"2 530,00 €",,LDE,facture,S1A,,,
MGA,04/10/2023,Travaux logistique - AOUT,"1 800,00 €",,LDE,facture,S1A,,,
MGA,04/10/2023,Travaux logistique - AOUT,"1 300,00 €",,LDE,facture,S1A,,,
MGA,04/10/2023,Travaux logistique - AOUT,"250,00 €",,LDE,facture,S1A,,,
MGA,04/10/2023,Travaux logistique - Sept,"1 320,00 €",,LDE,facture,S1A,,,
MGA,04/10/2023,Travaux logistique - AOUT,"300,00 €",,LDE,facture,S1A,,,
SOIB,06/10/2023,EPIS + bureau,"266,05 €",,LDE,devis,S1D,,,
ALTRAD,16/10/2023,location base vie octobre 23,"403,00 €",,LDE,facture,S1G,,,
LEP,29/10/2023,Location Parapluie + tunnel + EP +filet SEPT 23,"2 660,50 €",,LDE,facture,S1G,,,
BC2E EDI,31/10/2023,rapport amiante plomb,"6 050,00 €",,LDE,facture,,,,
MGA,13/11/2023,Travaux Octobre 23,"7 255,00 €",,LDE,facture,S1A,,,
Studio Jessel,07/11/2023,Film sep - oct 23,"1 625,00 €",,LDE,facture,F14,,,
Caution PRE,SO,,"398,73 €",,,virement,F16,,,
coursier 30/09 ,30/09/2023,echantillon marbre siège,"40,41 €",,,virement,S1A,,,
AMAZON,15/11/2023,pied TV,"63,74 €",,ARU,virement,S1D,,,
AMAZON,15/11/2023,gobelet cartons,"14,17 €",,ARU,virement,S1D,,,
AMAZON,15/11/2023,café + lingettes,"26,12 €",,ARU,virement,S1D,,,
AMAZON,15/11/2023,Pare avent,"256,64 €",,,virement,S1D,,,
Paul GRASSI ,20/11/2023,Synthèse Carneau cour anglaise,"180,00 €",,LDE,facture,E3,,,
BRUNEAU,04/12/2023,Cartouche encre,"484,00 €",,ARU,facture,S1D,,,
AMAZON,21/11/2023,porte manteau + égoutoir,"31,64 €",,ARU,virement,S1D,,,
Paul GRASSI ,20/12/2023,Synthèse Carneau piscine,"270,00 €",,LDE,facture,E3,,,
AMAZON,27/11/2023,papier ,"27,49 €",,LDE,virement,,,,
LEP,27/11/2023,Loc Oct 23,"3 665,50 €",,LDE,facture,S1G,,,
ORANGE,27/11/2023,fibre  16/11 - 15/12,"48,00 €",,LDE,facture,F14,,,
ORANGE,27/11/2023,fibre 12/09- 15/11,"100,63 €",,LDE,facture,F14,,,
LEP,04/12/2023,reprise suite tempete,"390,00 €",,LDE,facture,S1G,,,
ORANGE,,ORANGE 300923,"100,00 €",83946271,,,F14,,,
ORANGE,,ORANGE 311023-,"100,00 €",84303657,,,F14,,,
ORANGE,,ORANGE 311023 -,"44,50 €",84288466,,,F14,,,
AMAZON,20/12/2023,sucre,"10,51 €",,ARU,facture,S1D,,,
AMAZON,20/12/2023,Thé + café,"86,05 €",,ARU,facture,S1D,,,
AMAZON,20/12/2023,paillasson,"31,64 €",,ARU,facture,S1D,,,
AMAZON,20/12/2023,Balais ,"18,17 €",,ARU,facture,S1D,,,
AMAZON,20/12/2023,Thé,"13,72 €",,ARU,facture,S1D,,,
AMAZON,20/12/2023,chaise de bureau,"65,83 €",,ARU,facture,S1D,,,
AMAZON,20/12/2023,TV bureau,"349,17 €",,ARU,facture,S1D,,,
AMAZON,20/12/2023,eau,"56,82 €",,ARU,facture,S1D,,,
AMAZON,20/12/2023,multiprise,"13,24 €",,ARU,facture,S1D,,,
SOIB,02/01/2024,balais micro onde,"99,98 €",,LDE,facture,S1D,,,
SOIB,02/01/2024,tapis rouge,"155,00 €",,LDE,facture,S1D,,,
BC2I,20/12/2023,relevé amiante toiture,"200,00 €",,MLP,facture,S3A,,,
ALTRAD,20/12/2023,location base vie novembre 23,"390,00 €",,LDE,facture,S1G,,,
LEP,20/12/2023,Location Parapluie + tunnel + tunnel R3 NOV 23,"2 411,00 €",,MLP,facture,S1G,,,
BT sécurité,16/01/2024,poignée élec,"143,33 €",,LDE,facture,S1D,,,
Studio Jessel,08/01/2024,Film nov 23,"1 625,00 €",,LDE,facture,F14,,,
ORANGE,,ORANGE 301123 -,"44,50 €",84645298,,,F14,,,
ORANGE,,ORANGE 301123 - 44 lignes,"145,28 €",84659896,,,F14,,,
MGA,16/01/2024,Travaux Novembre 23 : base vie R1,"4 400,00 €",,ARU,facture,S1D,,,
MGA,16/01/2024,Travaux Décembre 23 : base vie SS1,"9 790,00 €",,ARU,facture,S1D,,,
AMAZON,16/01/2024,lingette+rallonge,"48,38 €",,ARU,facture,S1D,,,
AMAZON,16/01/2024,thé,"16,55 €",,ARU,facture,S1D,,,
AMAZON,16/01/2024,eau,"57,10 €",,ARU,facture,S1D,,,
LEP,16/01/2024,Location Parapluie + tunnel + tunnel R3 Dec 23,"2 495,50 €",,LDE,facture,S1G,,,
LEP,16/01/2024,Location Cour+Sapine esc rdc r1 dec 23,"5 327,00 €",,LDE,facture,S1G,,,
ALTRAD,16/01/2024,location base vie Dec 23,"1 669,00 €",,LDE,facture,S1G,,,
AMAZON,18/01/2024,chiffon,"46,63 €",,LDE,facture,S1D,,,
AMAZON,18/01/2024, destop,"7,32 €",,ARU,virement,S1D,,,
AMAZON,18/01/2024,rideau ,"23,98 €",,ARU,virement,S1D,,,
AMAZON,18/01/2024,café,"9,57 €",,ARU,virement,S1D,,,
AMAZON,18/01/2024,rideau ,"103,10 €",,ARU,virement,S1D,,,
LEP,29/01/2024,Location etaiement + descente EP,"6 082,00 €",,LDE,facture,S1G,,,
SOIB,01/03/2024,achat visseuse + scie,"818,60 €",,LDE,facture,S1A,,,
DHL,20/02/2024,Retour échantillons BDF,"41,22 €",,LDE,facture,S1D,,,
Studio Jessel,07/02/2024,Film dec 23,"1 625,00 €",,LDE,facture,F14,,,
LEP,07/02/2024,Démontage parapluie + tunnel R3 Janv 24,"6 838,00 €",,LDE,facture,S1G,,,
ORANGE,20/02/2024,box elysée 15/01 16/02,"48,00 €",1F01,LDE,facture,F14,,,
KILOUTOU,19/02/2024,location chauffage 15/01 - 15/02 ,"991,86 €",,LDE,facture,S1A,,,
Studio Jessel,20/02/2024,Film janv 24,"1 625,00 €",,LDE,facture,F14,,,
LEP ,20/02/2024,"Location Janv 24 : tunnel, façade, etaiement","1 789,50 €",,LDE,facture,S1G,,,
SOIB,20/02/2024,Bache armée,"76,00 €",,LDE,facture,S1D,,,
AMAZON,27/02/2024,stylo feutre,"42,00 €",,LDE,facture,,,,
AMAZON,27/02/2024,encre + pile,"445,81 €",,LDE,facture,S1D,,,
AMAZON,27/02/2024,lingette + stylo,"59,14 €",,LDE,facture,,,,
AMAZON,01/03/2024,Touilette,"6,99 €",,LDE,facture,,,,
AMAZON,27/02/2024,papier ,"19,34 €",,ARU,facture,S1A,,,
LEGALLAIS,01/03/2024,distributeur savon,"116,79 €",,LDE,facture,S1D,,,
RS,07/03/2024,rideau froid,"232,39 €",,ARU,virement,,,,S1A
MAX PRO NETTOYAGE,19/03/2024,nettoyage chantier 08/03,"750,00 €",,MLP,facture,S1A,,,
ORANGE,,box elysée 16/02 16/03,"54,00 €",,LDE,facture,F14,,,
AMAZON,12/03/2024,porte chaussure,"29,98 €",,ARU,facture,S1D,,,
AMAZON,12/03/2024,thé,"11,45 €",,ARU,facture,S1A,,,
LEP,12/03/2024,Démontage sapine esc. Apparat,"564,00 €",,LDE,facture,S1G,,,
M ANCEL,12/03/2024,frais avocat  07/03/24,"600,00 €",,LDE,facture,F17,,,
Paul GRASSI ,24/04/2024,calepinage terrasse,"575,00 €",,LDE,facture,E3,,,
AMAZON,19/03/2024,hyfromètre thermometre,"99,80 €",,LDE,virement,S1D,,,
BT sécurité,18/03/2024,poignée élec,"143,33 €",,MDL,Facture,,,,
Studio Jessel,18/03/2024,Film fev 24,"1 625,00 €",,LDE,facture,F14,,,
Devisubox,27/03/2024,location nov dec,"582,00 €",,ARU,facture,S1A,,,
Devisubox,27/03/2024,location nov dec,"2 290,00 €",,ARU,facture,S1A,,,
LEP,19/03/2024,location Fevrier,"1 812,50 €",,LDE,facture,S1G,,,
MGA,27/03/2024,Travaux Janvier 24,"3 420,00 €",,ARU,facture,S1A,,,
MGA,27/03/2024,Travaux Février 24,"8 500,00 €",,ARU,facture,S1D,,,
AMAZON,,"rideaux,","36,03 €",,ARU,virement,,,,
AMAZON,27/03/2024,gobelet cartons,"19,16 €",,ARU,virement,S1D,,,
AMAZON,27/03/2024,sucre,"10,41 €",,ARU,virement,S1D,,,
AMAZON,27/03/2024,tringle à rideaux,"38,32 €",,ARU,virement,S1D,,,
AMAZON,27/03/2024,Paters murales,"11,57 €",,ARU,virement,S1D,,,
AMAZON,28/05/2024,crayon bois,"9,07 €",,LDE,facture,S1D,,,
BRUNEAU,27/03/2024,papier A3,"26,10 €",,ARU,virement,S1D,,,
KILOUTOU,27/03/2024,location chauffage 15/02 - 15/03 ,"916,86 €",,LDE,facture,S1A,,,
SOIB,27/03/2024,Plaque polycarbontate,"218,36 €",,LDE,facture,S1A,,,
ORANGE,27/03/2024,box elysée 15/01 16/02,"48,00 €",,LDE,facture,F14,,,
SOIB,29/04/2024,papier plastifieuse,"61,00 €",,,facture,S1D,,,
Studio Jessel,22/04/2024,Film mars 24,"1 625,00 €",,LDE,facture,F14,,,
BRUNEAU,24/04/2024,essui main + pochette,"61,86 €",,ARU,virement,S1D,,,
AMAZON,24/04/2024,caméra,"55,75 €",,ARU,virement,S1A,,,
AMAZON,24/04/2024,carte mémoire,"16,66 €",,ARU,virement,S1A,,,
KILOUTOU,24/04/2024,location chauffage 16/03 au 15/04,"916,86 €",,LDE,facture,S1A,,,
AMAZON,24/04/2024,scotch blanc esc.,"64,84 €",,ARU,virement,S1A,,,
AMAZON,24/04/2024,café,"52,64 €",,ARU,virement,S1D,,,
AMAZON,24/04/2024,chaine acier ,"27,33 €",,ARU,virement,S1A,,,
SOIB,27/05/2024,film protection sol,"190,00 €",,ARU,devis,S1A,,,
BTP Consultant,11/06/2024,Contrôle installation élec de chantier,"600,00 €",,LDE,facture,S1D,,,
SOIB,11/06/2024,frigo + micro onde,"369,00 €",,LDE,facture,S1D,,,
DHL,13/05/2024,livraison échantillon bois,"120,49 €",,LDE,facture,S1A,,,
Studio Jessel,13/05/2024,Film avril 24,"1 625,00 €",,LDE,facture,F14,,,
AMAZON,28/05/2024,balais,"22,87 €",,LDE,facture,S1D,,,
AMAZON,28/05/2024,eau,"50,60 €",,LDE,facture,S1D,,,
AMAZON,28/05/2024,feutre,"10,66 €",,LDE,facture,S1D,,,
AMAZON,28/05/2024,cable usb,"5,68 €",,LDE,facture,S1D,,,
Paul GRASSI ,27/05/2024,MAJ carnet carneau et piscine,"1 050,00 €",,LDE,facture,E3,,,
SOIB,25/06/2024,deshu + outillages,"1 089,17 €",,ARU,facture,S1A,,,
BRUNEAU,28/05/2024,EAU,"47,60 €",,ARU,facture,S1D,,,
KILOUTOU,31/05/2024,location chauffage 16/04 au 15/05,"916,86 €",,LDE,facture,S1A,,,Fin location KILOUTOU le 02/05
SOIB,30/05/2024,chauffage ralonge,"813,58 €",,LDE,devis,S1A,,,
SOIB,25/06/2024,baches de protection de sols,"380,00 €",,LDE,facture,S1A,,,
KILOUTOU,31/05/2024,Avoir location 02 au 16/05,"-916,86 €",,LDE,facture,S1A,,,
ENDLESS (bigbag),31/05/2024,Big bag Avril 24,"1 124,70 €",,LDE,facture,S1A,,,
SOIB,25/06/2024,cornière en carton,"19,50 €",,LE,facture,S1A,,,
AMAZON,24/06/2024,café,"52,64 €",,LDE,facture,S1D,,,
AMAZON,24/06/2024,bombe air,"7,99 €",,LDE,facture,S1A,,,
AMAZON,24/06/2024,cable iphone,"12,58 €",,LDE,facture,S1D,,,
Studio Jessel,05/06/2024,Film mai 24,"1 625,00 €",,LDE,facture,F14,,,
SOIB,25/06/2024,chauffage,"680,00 €",,LDE,facture,S1A,,,
SOIB,25/06/2024,spot + rallonge + enrouleur,"813,58 €",,LDE,facture,,,,
KILOUTOU,11/06/2024,location chauffage 16/04 au 02/05,"466,19 €",,LDE,facture,S1A,,,
KILOUTOU,11/06/2024,retratt chauffage 02/05,"75,00 €",,LDE,facture,S1A,,,
BRUNEAU,24/06/2024,eau+cutter+gants+feutre,"106,06 €",,LDE,facture,S1D,,,
BRUNEAU,24/06/2024,echelle + feutre,"177,00 €",,LDE,facture,S1A,,,
BRUNEAU,04/07/2024,gobelet cartons,"44,84 €",,ARU,facture,S1D,,,
MGA,09/07/2024,travaux provisoire phase 2,"5 525,00 €",,LDE,facture,S1A,,,
ENDLESS (bigbag),09/07/2024,Big Bag  14 mai 24,"157,80 €",,LDE,facture,S1A,,,
ENDLESS (bigbag),25/06/2024,Big Bag 16 mai 24,"631,20 €",,LDE,facture,S1A,,,
ENDLESS (bigbag),25/06/2024,Big Bag mai 24 (16 au 31 mai),"1 676,10 €",,LDE,facture,S1A,,,
MGA,09/07/2024,Travaux chantier Mars 24,"2 315,00 €",,LDE,facture,S1A,,,
MGA,09/07/2024,Travaux chantier Mai juin 24,"5 360,00 €",,LDE,facture,S1A,,,
MGA,09/07/2024,Travaux chantier Avril 2024,"2 120,00 €",,LDE,facture,S1A,,,
BRUNEAU,04/07/2024,"achat divers : diffuseur odeur, boite clef…","204,19 €",,LDE,facture,S1D,,,
Studio Jessel,09/07/2024,Film juin 24,"1 625,00 €",,LDE,facture,F14,,,
MGA,09/07/2024,Chappe RDC et SS1,"5 390,00 €",,LDE,facture,S1A,,,
AMAZON,15/08/2024,Ruban cassette,"19,24 €",,LDE,facture,S1D,,,
BRUNEAU,26/07/2024,"achat divers : eau, café, lingette","145,97 €",,LDE,facture,S1D,,,
BRUNEAU,26/07/2024,"achat divers : plumeaux, portes balais","30,11 €",,LDE,facture,S1D,,,
Maitre ANSEL,15/08/2024,correspondance juin juillet 24,"600,00 €",,LDE,facture,F17,,,
ENDLESS (bigbag),15/08/2024,big bag juillet 24,"1 618,20 €",,LDE,facture,S1A,,,Facture non splitée
BRUNEAU,06/09/2024,"achat eau, bic, café","114,17 €",,ARU,devis,,,,
Fiducial,06/09/2024,Bouteilles d'eau,"49,47 €",69,MDL,facture,S1D,,,
ORANGE,09/09/2024,Boxe internet,"54,00 €",,MDL,Facture 80%,F14,,,
Paul GRASSI (synthèse),19/09/2024,coupe synhèse piscine carneau,"1 450,00 €",,LDE,facture,E3,,,
Fiducial,11/09/2024,achat divers base vie EPI,"238,14 €",598,MDL,Facture,S1D,,,
AIDF,16/09/2024,prolongation voirie,"250,00 €",FAC 2024 09 0455,MDL,Facture,F3,,,
Fiducial,17/09/2024,Bombone volvic,"64,70 €",137,MDL,Facture,S1D,,,
ENDLESS (bigbag),18/09/2024,big bag juin 24,"3 648,70 €",,LDE,facture,S1A,,,
SOIB,30/09/2024,bâche de protection,"190,00 €",,MDL,Facture,S1A,,,
LEP ,04/10/2024,Echaudage escalier R2/R3,"1 160,00 €",,MDL,Facture 70%,S1G,,,
LEP,04/10/2024,Escalier cour anglaise,"1 690,00 €",,MDL,Facture 70%,S1G,,,
Fiducial,15/10/2024,"achat divers : eau, café, scotch, claviers, mètre","294,41 €",,MDL,Facture ,S1D,,,
Paul GRASSI (synthèse),20/10/2024,RSO piscine,"800,00 €",,MDL,,,,,
Fiducial,29/10/2024,Chaises bureaux,"761,07 €",,MDL,Facture,S1D,,,
SOIB ,06/11/2024,Protections cour ,"1 338,00 €",93964,MDL,Facture,S1A,,,
Studio Jessel,11/11/2024,Film oct 24,"1 625,00 €",,MDL,facture,F14,,,
SOIB ,12/11/2024,"Scotch peintre, chaine, sac gravats","30,80 €",94230,MDL,Facture,S1A,,,
SOIB,20/11/2024,"Protection sol, lampe WC, scotch peintre","235,00 €",94715,MDL,Facture,S1A,,,
Fiducial,20/11/2024,"Désodorisant et brosses wc, piles","102,24 €",1489751,MDL,Facture,S1D,,,
Fiducial,22/11/2024,10 Bonbonnes eau,"64,70 €",1158513,MDL,Facture,S1D,,,
ENDLESS (bigbag),07/05/2024,Big bag mai 24 (7 mai),"157,80 €",008319,ARU,Facture ,S1A,,,
ENDLESS (bigbag),02/05/2024,Big bag mai 24 ( 2 mai),"315,60 €",008320,ARU,Facture ,S1A,,,
ENDLESS (bigbag),17/05/2024,Livraison de sacs big bag ,"99,00 €",008321,ARU,Facture,S1A,,,
ENDLESS (bigbag),02/05/2024,Livraison de sacs big bag ,"99,00 €",008322,ARU,Facture,S1A,,,
ENDLESS (bigbag),03/12/2024,Big bag Octobre (16 et 31 octobre),"473,40 €",012202,ARU,Facture ,S1A,,,
ORANGE 300924_BOX ELYSEE,01/11/2020,Boxe internet,"54,00 €",,,,F14,,,
ORANGE 180624-BOX ELYSEE,01/11/2020,Boxe internet,"48,50 €",,MDL,Facture,F14,,,
ORANGE 170424-BOX ELYSEE,01/11/2020,Boxe internet,"48,00 €",,MDL,Facture,F14,,,
ORANGE 170524-BOX ELYSEE,01/11/2020,Boxe internet,"48,00 €",,MDL,Facture,F14,,,
ORANGE 170724-BOX ELYSEE,01/11/2020,Boxe internet,"53,00 €",,MDL,Facture,F14,,,
ORANGE 200824-BOX ELYSEE,01/11/2020,Boxe internet,"53,00 €",,MDL,Facture,F14,,,
ORANGE 170924-BOX ELYSEE,01/11/2020,Boxe internet,"148,83 €",,MDL,Facture,F14,,,
ORANGE 171024-BOX ELYSEE,01/11/2020,Boxe internet,"53,00 €",,MDL,Facture,F14,,,
MAX PRO NETTOYAGE,09/12/2024,Nettoyage répection Master,"550,00 €",F01972,ARU,Facture,S1H,,,
SOIB,10/12/2024,7 chauffages de chantier,"693,00 €",95669,MDL,Facture ,S1A,,,
KILOUTOU,12/12/2024,location chauffage 12/12 - 12/01 ,"438,00 €",,MDL,Facture,S1A,,,
KILOUTOU,09/01/2025,location chauffage23/12 - 24/01 ,"438,00 €",,MDL,Facture ,S1A,,,
MAX PRO NETTOYAGE ,02/01/2025,Nettoyage réception master & 04 (16 & 17 Fev),"1 100,00 €",F01976,ARU,Facture,S1H,,,
MAX PRO NETTOYAGE,02/01/2025,Nettoyage réception 01/02/03 (le 03.01 & 06.01),"600,00 €",F01988,ARU,Facture,S1H,,,
ENDLESS (bigbag),03/12/2024,Big Bag Novembre ,"651,30 €",012204,ARU,Facture,S1A,,,
SOIB,03/01/2024,"Scotch, bache, surchaussures","334,00 €",96410,MDL,Facture,S1A,,,
MAX PRO NETTOYAGE,02/01/2025,Nettoyage réception 01/02/03 (le 07.01),"450,00 €",F01987,MDL,Facture,S1H,,,
Fiducial,08/01/2025,"Cartouche encre, feuilles, cable HDMI","178,03 €",1567555,MDL,Facture,,,,
LEP,02/12/2024,Loc echaf nov 24,"200,00 €",,MDL,Facture,S1G,,,
LEP,09/01/2025,Départ loc escalier,"412,00 €",,MDL,Facture,S1G,,,
Studio Jessel,07/01/2025,Film Nov Déc 24,"1 625,00 €",202232,ARU,Facture,F14,,,
MAX PRO NETTOYAGE ,16/01/2025,Nettoyage R2/R3 (20 & 21 janv),"900,00 €",F01994,ARU,Facture,S1H,,,
ENDLESS (bigbag),31/12/2024,Big Bag Décembre ,"394,50 €",12416,ARU,Facture,S1A,,,
SOIB,24/01/2025,Sol PVC vestiaires,"570,00 €",97721,MDL,Facture,S1I,,,
ERIGE,27/01/2025,Timelapse piscine SS2,"1 400,00 €",DE2038,MDL,Facture,F14,,,
Fiducial,09/01/2025,"Capsule, bombones","308,00 €",1567555,MDL,Facture,S1I,,,
Fiducial,27/01/2025,"Eau, café, mètre","162,56 €",X,MDL,Facture,S1I,,,
LEP,31/12/2024,Loc echaf cour anglaise dec 24,"124,00 €",,MDL,Facture ,S1G,,,
SOIB,16/10/2024,Barrières  quai livraison,"2 893,89 €",,MDL,Facture ,S1A,,,
ORANGE,27/03/2024,ORANGE 191124,"53,00 €",,MDL,facture,F14,,,
ORANGE,27/03/2024,ORANGE 171224,"53,00 €",,MDL,facture,F14,,,
ORANGE,27/03/2024,ORANGE 300624,"54,00 €",,MDL,facture,F14,,,
ORANGE,27/03/2024,ORANGE 311024,"54,00 €",,MDL,facture,F14,,,
SOIB,13/02/2025,Cheminement chantier,"419,00 €",98154,MDL,Facture,S1A,,,
coursier,23/01/2025,PC MDL,"73,60 €",,,,S1A,,,
KILOUTOU,28/01/2025,location chauffage17/01 au 16/02,"360,73 €",,MDL,Facture ,S1A,,,
KILOUTOU,28/01/2025,location chauffage 24/01 au 24/02,"360,73 €",,MDL,Facture ,S1A,,,
SOIB,26/02/2025,"Ruban LED, protection sol","424,00 €",99360,TCH,Devis,S1A,,,
AIDF,27/02/2025,Demande occupation avenue Gabriel,"1 200,00 €",,MDL,facture,F3,,,
ENDLESS (bigbag),31/01/2025,Big Bag janvier,"330,84 €",,ARU,Facture,S1A,,,
Fiducial,31/01/2025,"Feuilles, gobelets, HDMI","178,07 €",,MDL,Facture,S1I,,,
Fiducial,31/01/2025,"Bonbonne, capsule","156,46 €",,MDL,Facture,S1I,,,
LEP,31/12/2024,Loc echaf cour anglaise janv 25,"124,00 €",,MDL,Facture ,S1G,,,
Fiducial,27/02/2025,"Cartouches, gants, eau, mètre","317,64 €",,MDL,Facture,S1I,,,
KILOUTOU,28/02/2025,location chauffage17/02 au 16/03,"360,73 €",,MDL,Facture ,S1A,,,
KILOUTOU,28/02/2025,avoir location chauffage17/02 au 16/03,"-360,73 €",,MDL,Facture ,S1A,,,
KILOUTOU,28/02/2025,avoir location chauffage17/02 au 16/03,"221,94 €",,MDL,Facture ,S1A,,,
KILOUTOU,28/02/2025,location chauffage 24/02 au 24/03,"360,73 €",,MDL,Facture ,S1A,,,
LEP,31/01/2025,Loc echaf cour anglaise fev 25 + retour,"555,00 €",,MDL,Facture ,S1G,,,
Fiducial,27/02/2025,"Cartouches, gants, eau, mètre","310,52 €",,MDL,Facture,S1I,,,
KILOUTOU,28/03/2025,location chauffage17/03 au 24/03,"78,00 €",,MDL,Facture ,S1A,,,
KILOUTOU,28/03/2025,Rallonge electrique,"34,52 €",,MDL,Facture ,S1A,,,
ORANGE,17/01/2025,ORANGE janv 25,"53,00 €",,MDL,facture,F14,,,
ORANGE,17/02/2025,ORANGE fev 25,"53,00 €",,MDL,facture,F14,,,
ORANGE,17/03/2025,ORANGE mars 25,"53,00 €",,MDL,facture,F14,,,
DHL,31/03/2025,Envoi échantillon Rep Tchèque,"91,00 €",,MDL,Facture ,S1I,,,
SOIB,02/04/2025,Protection sol,"208,50 €",,MDL,Facture,S1A,,,
AIDF,15/04/2025,Demande occupation avenue Gabriel (MàJ),"600,00 €",,MDL,Facture,F3,,,
SOIB,16/04/2025,Protection sol,"228,00 €",,TCH,Devis,S1A,,,
ENDLESS (bigbag),16/04/2025,Big Bag Mars ,"552,30 €",014030,ARU,Facture,S1A,,,
MAX PRO NETTOYAGE ,05/05/2025,Nettoyage R2/R3 (30.04 & 02.05),"900,00 €",001179,ARU,Facture,S1H,,,
coursier,31/03/2025,Bouton BDF,"94,46 €",,MDL,Facture ,S1I,,,
Fiducial,30/04/2025,Gants,"7,12 €",,MDL,Facture,S1I,,,
KILOUTOU,28/04/2025,Rallonge electrique,"34,52 €",,MDL,Facture ,S1A,,,
Studio Jessel,04/02/2025,Film fev 25,"1 625,00 €",,MDL,facture,F14,,,
Studio Jessel,13/03/2025,Film fev 25,"1 625,00 €",,MDL,facture,F14,,,
ENDLESS (bigbag),30/04/2025,Big Bag Avril,"236,70 €",014734,ARU,Facture,S1A,,,
SOIB,06/05/2025,Ruban LED ,"182,40 €",102928,MDL,Facture,S1A,,,
Fiducial,15/05/2025,Eau et pochettes,"126,98 €",,MDL,Facture,S1I,,,
AIDF,16/05/2025,Panneaux de signalisation,"486,81 €",FAC_2025_05_0131,TCH,Facture,S1I,,,
SOIB,16/05/2025,"Déshumidificateurs, baches et divers","982,55 €",103257,TCH,Devis,S1A,,,
Protecta screen ,19/05/2025,Protections de chantier ,"467,32 €",T511291,ARU,Devis,S1A,,,
KILOUTOU,19/05/2025,Groupe électrogène + essence,"580,00 €",38475898,TCH,Devis,S1I,,,
ERIGE,20/05/2025,2 mois supp - Timelapse piscine SS2,"400,00 €",FA4231,TCH,Facture,F14,,,
AIDF,21/05/2025,Demande prolongation emprise 18EL,"200,00 €",S18426_PROL,MDL,Facture,S1I,,,
MAX PRO NETTOYAGE ,03/06/2025,"Nettoyage divers (26, 28, 31.05)","750,00 €",F02077,ARU,Facture,S1H,,,
MAX PRO NETTOYAGE ,04/06/2025,Nettoyage étages (04.06),"450,00 €",DEV001201,ARU,Devis ,S1H,,,
Protecta screen ,04/06/2025,Protections sous sols ,"172,56 €",,ARU,Devis ,S1A,,,
KILOUTOU signal,31/05/2025,Barrière base vie,"335,25 €",,ARU,Devis,S1I,,,
KILOUTOU,05/06/2025,Transpalette travaux enedis ,"721,26 €",,MDL,Facture,S1A,,,
SOIB,09/06/2025,Protections sol ,"190,00 €",104670,ARU,Devis,S1A,,,
ENDLESS (bigbag),31/05/2025,Big Bag mai ,"730,20 €",15410,ARU,Facture,S1A,,,
ORANGE,01/05/2025,ORANGE Avril 25,"54,00 €",,MDL,facture,F14,,,
SOIB,26/05/2025,"Cafetiere, cendrier, poteaux","274,60 €",103751,MDL,Facture,S1A,,,
SOIB,05/06/2025,Rallonges lanières protection armoire,"826,70 €",104378,TCH,Devis,S1A,,,
MAX PRO NETTOYAGE ,05/06/2025,Nettoyage (06.06 & 07.06) ,"500,00 €",F02108,ARU,Facture,S1H,,,
KILOUTOU,10/06/2025,Essence base vie,"605,00 €",,TCH,Devis,S1I,,,
KILOUTOU,28/05/2025,Rallonge electrique,"34,52 €",,MDL,Facture ,S1A,,,
DHL,13/06/2025,Envoi échantillon peinture Rep Tchèque,"47,04 €",,TCH,Facture,S1I,,,
SOIB,17/06/2025,Poubelle polyane surchaussures,"127,00 €",105204,TCH,Devis,S1A,,,
KILOUTOU,20/06/2025,Karcher,"600,60 €",38685791,TCH,Devis,,,,
DHL,20/06/2025,Envoi échantillon dorure Rep Tchèque,"112,81 €",,TCH,Devis,,,,
SOIB,23/06/2025,Casiers,"1 148,40 €",105497,TCH,Devis,S1A,,,
KILOUTOU,24/06/2025,Karcher,"219,88 €",38681705,TCH,Devis,S1A,,,
MAX PRO NETTOYAGE ,26/06/2025,Nuit remplissage piscine,"1 050,00 €",DEV001208 / F02098,ARU,Facture,S1H,,,
MAX PRO NETTOYAGE ,24/06/2025,"Nettoyage juin (11.06, 21.06 & 24.06)","950,00 €",DEV001211 / F02099,ARU,Facture,S1H,,,
SOIB,27/06/2025,6 protections blanches,"228,00 €",105865,TCH,Devis,S1A,,,
SOIB,30/06/2025,6 protections blanches + scotchs,"274,00 €",105889,TCH,Devis,,,,
SOIB,01/07/2025,Climatisations et bombes coupe-feu,"1 017,14 €",106081,TCH,Devis,S1A,,,
MAX PRO NETTOYAGE ,25/06/2025,Nettoyage 25.06,"450,00 €",F02109,ARU,Facture,S1H,,,
MAX PRO NETTOYAGE ,24/06/2025,Nettoyage (26.06 & 27.06 + soirée),"1 200,00 €",F02110,ARU,Facture,S1H,,,
SOIB,04/07/2025,6 protections blanches,"228,00 €",106419,TCH,Devis,,,,
ORANGE,01/06/2025,ORANGE Mai 25,"54,00 €",,ARU,facture,F14,,,
ENDLESS (bigbag),30/06/2025,big bag juin première partie,"217,00 €",015912,ARU,Facture,S1A,,,"Total fac : 
2011,9"
ENDLESS (bigbag),30/06/2025,big bag juin ,"1 794,90 €",015912,ARU,Facture,S1A,,,
SOIB,07/07/2025,"Transpalette, surchaussures","429,00 €",106453,TCH,Devis,S1A,,,
CIF BOIS ,09/07/2025,CP bois protections ,"357,13 €",DE34935,ARU,Devis ,S1A,,,
DHL,20/06/2025,Envoi échantillon dorure Rep Tchèque,"47,04 €",,MDL,Facture,,,,
KILOUTOU,24/06/2025,Essence juin + groupe élec juin,"1 166,00 €",38681705,MDL,Facture,,,,
KILOUTOU,16/07/2025,Essence juillet,"616,20 €",38849803,TCH,Devis,,,,
MAX PRO NETTOYAGE ,10/07/2025,Nettoyage étages (05.07),"450,00 €",F02112,ARU,Facture,S1H,,,
MAX PRO NETTOYAGE ,16/07/2025,Nettoyage étages (16.07),"250,00 €",F02113,ARU,Facture,S1H,,,
CIF BOIS ,22/07/2025,CP bois protections ,"318,88 €",35098,ARU,Devis ,S1A,,,
SOIB,21/07/2025,Protections,"240,30 €",107278,ARU,Devis,S1A,,,
SOIB ,25/07/2025,Spots sur batterie,"556,00 €",107521,ARU,Devis,S1A,,,
Fiducial,30/07/2025,"Eau, café","190,68 €",,MDL,Facture,S1I,,,
Fiducial,30/06/2025,Bouteille d'eau,"56,56 €",,MDL,Facture,S1I,,,
KILOUTOU,01/07/2025,Rallonge electrique,"34,53 €",,MDL,Facture ,S1A,,,
KILOUTOU,01/07/2025,Karcher 24/06 au 30/06,"39,82 €",,MDL,Facture,S1A,,,
KILOUTOU,29/07/2025,Groupe BV août 25,"499,40 €",,MDL,Facture,S1I,,,
KILOUTOU SIGNAL,31/05/2025,Barrière mai,"335,25 €",,MDL,Facture,S1I,,,
LEP,30/06/2025,Echaf escalier principal juin 25,"3 290,00 €",,MDL,Facture,S1G,,,
Wurth,10/07/2025,Chaussure EPI,"81,25 €",,ARU,Devis,S1I,,,
Wurth,08/07/2025,Chaussure EPI,"162,40 €",,ARU,Devis,S1I,,,
MAX PRO NETTOYAGE ,30/07/2025,Nettoyage étages (29.07),"250,00 €",2143,ARU,Facture,S1H,,,
KILOUTOU,07/08/2025,Essence Aout,"691,52 €",,TCH,Devis ,,,,
SOIB ,08/08/2025,Surchaussures scotch,"172,32 €",108075,TCH,Devis,,,,
SOIB ,18/08/2025,Porte local eau et échelle,"183,00 €",108286,TCH,Devis,S1A,,,
KILOUTOU SIGNAL,31/06/2025,Barrière juin,"333,00 €",,MDL,Facture,,,,
ENDLESS (bigbag),31/07/2025,big bag juillet 25,"1 301,40 €",016507,ARU,Facture,S1A,,,
NOBLET,07/07/2025,Eau juillet,"448,00 €",A07072025M,TCH,Devis,,,,
NOBLET,20/08/2025,Eau aout,"448,00 €",125070607,TCH,Facture,,,,
AIDF,20/08/2025,prolongation voirie aout 2025 - mars 2026,"200,00 €",FAC/2025/09/0166,TCH,Facture,S1I,,,
ERIGE,19/08/2025,Timelapse piscine SS2 facture finale,"750,00 €",FA4396,TCH,Facture,F14,,,
Studio Jessel,22/07/2025,Film mai-juillet 25,"1 725,00 €",202263,TCH,Facture,F14,,,
Fiducial ,28/08/2025,"Eau, café, bouteilles ","155,74 €",10423624,ARU,Facture,S1I,,,
KILOUTOU,03/09/2025,Essence Septembre,"691,52 €",39099398,ARU,Devis,,,,
SOIB,29/08/2025,Surchaussures ,"60,00 €",108863,ARU,Devis ,S1A,,,
CIF BOIS ,11/09/2025,CP bois protections ,"322,58 €",35504 / FAC 55 767,ARU,Devis,S1A,,,
KILOUTOU,29/08/2025,Groupe BV sept 25,"499,40 €",,MDL,Facture,,,,
LDA,29/08/2025,Location fontaine 07/25 à 07/26,"534,65 €",,MDL,Facture,,,,
Fiducial,22/09/2025,Cartouches + eau ,"78,44 €",,ARU,Devis,,,,"26,72"
KILOUTOU,29/09/2025,Radiateurs ,"488,88 €",39253316,ARU,Devis,,,,
SOIB,30/09/2025,Protections + ruban led ,"488,00 €",110587,ARU,Devis,S1A,,,
MAX PRO NETTOYAGE ,22/09/2025,Nettoyage étages (05/09),"450,00 €",F02178,ARU,Facture,S1H,,,
MAX PRO NETTOYAGE ,29/09/2025,"Nettoyage étages (24,26,30/09 & 01/10)","1 600,00 €",F02179,ARU,Facture,S1H,,,
KILOUTOU,02/10/2025,Essence début Octobre,"334,80 €",39274945,ARU,Devis,,,,
ENDLESS (bigbag),30/09/2025,big bag septembre ,"1 317,90 €",17855,ARU,Facture,S1A,,,
SOIB,06/10/2025,"Pompe, protections & lampe led","694,64 €",110917,ARU,Devis,S1A,FC_251028818,AG,
MAX PRO NETTOYAGE ,08/10/2025,Nettoyage étages (11/10) ,"1 034,00 €",02182,ARU,Facture,S1H,,,
SOIB,10/10/2025,Bequille + miroir ,"57,10 €",111248,ARU,Facture,S1H,,,
KILOUTOU,15/10/2025,Essence fin Octobre ,"655,76 €",39363962,ARU,Devis,,,,
SOIB,20/10/2025,Protections de sol + cornières d'angle + rallonge élec,"486,16 €",111771,ARU,Devis ,S1A,FC_251029798,AG,
NOBLET ,22/10/2025,Eau Octobre ,"448,00 €",25100055,ARU,Devis,,,,
CIF BOIS ,23/10/2025,Isorel pour protection,"205,42 €",N°35985,AG,Devis,,56241,AG,
KILOUTOU,26/09/2025,Groupe BV 21/09 au 20/10,"499,40 €",,AG,Facture,S1I,36653682,AG,
KILOUTOU,30/10/2025,Groupe BV 21/10 au 20/11,"499,40 €",,AG,Facture,S1I,36868030,AG,
LEP,03/11/2025,Echaf piscine,"1 790,00 €",D2512610,ARU,Devis,,FL20112689,AG,
,,,,,,,,FL20112689,AG,"  1 253,00 € "
,,,,,,,,FL20112887,AG,"  537,00 € "
ENDLESS (bigbag),31/10/2025,big bag Octobre,"1 024,00 €",,ARU,Facture,,FACTE1-018342,AG,
SOIB,13/11/2025,"gants, cutters & protections","167,45 €",113145,ARU,Devis,,FC_251130845,AG,
NOBLET,14/11/2025,Eau Novembre ,"448,00 €",,ARU,Devis,,FA125110184,AG,
Fiducial ,14/11/2025,Eau café ,"68,37 €",02103540,ARU,Devis,,10569526,AG,
KILOUTOU,20/11/2025,Nouveau générateur à essence,"1 247,84 €",39572609,ARU,Devis,,,,
MAX PRO NETTOYAGE,20/11/2025,Nettoyage étages (20/11),"450,00 €",001280,ARU,Devis,,,,
Fiducial,22/10/2025,"Bonbonne d'eau, café, cartouche","103,68 €",02063621,AG,Devis,,,,"77,8"
SOIB,21/11/2025,Rallonge elec trotec,"120,00 €",113649,ARU,Devis,,FC_251231322,AG,
SOIB,27/11/2025,Protections de sol ,"190,00 €",114029,ARU,Devis,,FC_251231639,AG,
KILOUTOU,04/12/2025,Essence Décembre,"691,52 €",39642723,ARU,Devis,,,,
MAX PRO NETTOYAGE,11/12/2025,Nettoyage étages (15-16-17/12),"750,00 €",02226,ARU,Facture,,F02226,AG,
SOIB,15/12/2025,Protections de sol ,"380,00 €",,ARU,Devis,,FC_251232140,AG,
ENDLESS (bigbag),30/11/2025,Big bag Novembre,"1 005,00 €",019354,ARU,Facture,,FACTE1-019354,AG,
ENDLESS (bigbag),30/11/2025,Big bag Décembre,"809,10 €",019679,ARU,Facture,,FACTE1-019679,AG,
MAX PRO NETTOYAGE,17/12/2025,Nettoyage étages (18-19/12 & 22/12),"950,00 €",02227,ARU,Facture,,F02227,AG,
KILOUTOU,23/12/2025,Essence Janvier,"655,76 €",39769630,ARU,Devis,,,,
Coursier,02/12/2025,Déplacement casier,"104,46 €",,AG,,,FA20251204453,AG,
Coursier,18/12/2025,Déplacement écrans,"43,76 €",,AG,,,FA20251204454,AG,
Point P,27/11/2025,Domisol gym,"435,62 €",,AG,Devis,,501C2004595437 ,AG,
Orange,03/11/2025,nov.-25,"55,00 €",,AG,Facture,,,,
Orange,01/12/2025,déc.-25,"55,00 €",,AG,Facture,, 01B056E029 2518- 1A12,AG,
ENDLESS (bigbag),31/12/2025,Big bag Décembre,"631,20 €",020210,ARU,Facture,,FACTE1-020210,AG,
MAX PRO NETTOYAGE,07/01/2026,Remplissage piscine et nettoyage étages (08/01),"495,00 €",02238,ARU,Facture,,F02238,AG,
MAX PRO NETTOYAGE,07/01/2026,Nettoyage 2x/sem jusqu'au 28/02,"3 150,00 €",001297,ARU,Devis,,,,
ENDLESS (bigbag),31/08/2025,Big bag aout,"1 677,00 €",,AG,Facture,,FACTE1-017357,AG,
ENDLESS (bigbag),17/11/2025,Big bag Novembre,"469,80 €",,AG,Facture,,FACTE1-019063,AG,
NOBLET ,22/10/2025,Eau Janvier,"448,00 €",26010028,ARU,Devis,,,,
KILOUTOU,29/01/2026,Essence Février,"682,42 €",39896849,ARU,Devis,,,,
SOIB,02/02/2026,Protections de sol + surchaussures,"310,00 €",,ARU,Devis,,,,
KILOUTOU,30/01/2026,Gazelle R1,"569,31 €",39896849,AG,Devis,,37375150,ARU,
MAX PRO NETTOYAGE,04/02/2026,Moitié du nettoyage 2x/semaine (voir ligne 437),"1 575,00 €",F02261,ARU,Facture,,,,
ENDLESS (bigbag),03/02/2026,Big bag janvier,"394,50 €",1202602302,ARU,Facture,,,,
Sixte,06/02/2026,Plaques de sondes,"301,00 €",,ARU,Devis,,,,
CIF BOIS,12/02/2026,CP protection bureau 01 ,"141,67 €",37021,ARU,Devis,,,,
,,,,,,,,,,
,,,,,,,,,,
,,,,,,,,,,
,,,,,,,,,,
,,,,,,,,,,
,,,,,,,,,,
,,,"331 396,37 €",,,,,,,
,,,"3 987,12 €",,,,,,,
,,,,,,,,,,
,,,,,,,,,,
,,,,,,,,,,
,,22-sept.,"26,72 €",,,,,,,
,,22-oct.,"77,80 €",,,,,,,
,,15-oct.,"51,76 €",,,,,,,
,,23-oct.,"73,88 €",,,,,,,